cancer,status,consequence,OR,pvalue,F1,PPV
Solid,G&H,lof,6.12114613747711,5.8780796851307E-05,0.009533898305085,0.214285714285714
Solid,G&H,lof_del,1.59164997447076,0.002429701611274,0.039453717754173,0.065822784810127
Breast,G&H,lof,4.73196048188753,0.000102770355744,0.040733197556008,0.062893081761006
Solid,NGTDC,lof,1.51780984251173,7.17753054069611E-05,0.062040816326531,0.062329141607436
Breast,GEL (High),lof,4.09849820960932,3.25337844851475E-06,0.052631578947369,0.054140127388535
Solid,GEL (High),lof,1.26312541894907,0.014173211068242,0.060508083140878,0.052737520128825
Solid,G&H,lof_del_poss,1.23561301352255,0.033326823537915,0.057212121212121,0.051777095217201
Solid,NGTDC,lof_del,1.10290604292461,0.082656027764398,0.077348066298343,0.046005339905525
Ovarian,NGTDC,lof,12.2736103615758,8.70787903142125E-05,0.049019607843137,0.043859649122807
Solid,NGTDC,lof_del_poss,1.04201056978358,0.449035371864193,0.081673121611154,0.043313943935062
Solid,GEL (High),lof_del_poss,1.06892719314103,0.360536487847679,0.082296453095152,0.043207199392822
Solid,GEL (High),lof_del,0.998735132479838,1,0.076081730769231,0.042787616601325
Solid,GEL (Mixed+Low),lof,0.998992581738254,1,0.014414414414415,0.042780748663102
Solid,GEL (Mixed+Low),lof_del_poss,0.934440116547661,0.183812503386361,0.072885241945215,0.041010320478001
Solid,GEL (Mixed+Low),lof_del,0.916256798623064,0.424310572056673,0.046302539896606,0.039569727237803
Prostate,NGTDC,lof,4.43064633260712,0.015099357123119,0.029739776951673,0.035714285714286
Breast,G&H,lof_del,2.35867257174058,0.000628219107961,0.042467138523761,0.031963470319635
Digestive,G&H,lof,3.03342680047225,0.02833520960482,0.016556291390729,0.031446540880503
Gynaecological,NGTDC,lof,2.35060081039542,0.012102697227044,0.03347280334728,0.027713625866051
Prostate,NGTDC,lof_del,3.29339643903538,0.037838141828812,0.026143790849673,0.026845637583893
Breast,NGTDC,lof,1.89410270550292,0.199424380203892,0.019230769230769,0.026595744680851
Gynaecological,GEL (High),lof,2.01960451908989,0.014802071559781,0.032858707557503,0.023847376788553
Breast,GEL (High),lof_del,1.71448104834943,0.003367775273874,0.038539553752536,0.023170731707317
Breast,G&H,lof_del_poss,1.72201351188952,0.000233469233862,0.04029304029304,0.02241847826087
Haematological,GEL (Mixed+Low),lof,2.33876687256921,0.025650166747244,0.020942408376963,0.021052631578947
Haematological,NGTDC,lof,2.32515738415494,0.004441030806306,0.027075812274368,0.020718232044199
Ovarian,G&H,lof_del_poss,5.60439149148525,0.000174534476077,0.032719836400818,0.020050125313283
Digestive,GEL (Mixed+Low),lof,1.82606948802326,0.117521210672484,0.017283950617284,0.019178082191781
Haematological,G&H,lof_del,2.11462018730489,0.018007918219051,0.023622047244095,0.018987341772152
Gynaecological,G&H,lof_del,1.61698785515736,0.006324742705854,0.03305785123967,0.018608772707133
Digestive,GEL (High),lof,1.76410076823743,0.026018386956341,0.025245441795232,0.018348623853211
Colorectal,GEL (High),lof,3.79199626284647,0.000156675836169,0.026966292134832,0.017441860465116
Gynaecological,G&H,lof_del_poss,1.64275140181005,0.000136468623729,0.03314146171289,0.017434391631492
Gynaecological,GEL (Mixed+Low),lof,1.42445049194055,0.474150016085513,0.013129102844639,0.017341040462428
Breast,GEL (High),lof_del_poss,1.25159899218426,0.064972691129128,0.031783058754921,0.01669986211123
Gynaecological,NGTDC,lof_del,1.40422021666089,0.064984629637705,0.029256399837465,0.016536518144235
Digestive,NGTDC,lof,1.55905220649054,0.064672985613554,0.02389486260454,0.016273393002441
Haematological,G&H,lof,1.74837199404129,0.251127894177813,0.010489510489511,0.015957446808511
Gynaecological,G&H,lof,1.28768746600357,0.401181478301834,0.022792022792023,0.015604681404421
Breast,NGTDC,lof_del,1.07134390383355,0.77574227655045,0.022435897435898,0.01528384279476
Gynaecological,GEL (High),lof_del,1.2742164411538,0.153423898499034,0.027514521553042,0.015065282892534
Ovarian,GEL (High),lof,4.1924670433145,0.000572782245713,0.026124818577649,0.015025041736227
Breast,GEL (Mixed+Low),lof_del_poss,1.029271898894,0.815537066164189,0.02800097394692,0.014590205531591
Breast,NGTDC,lof_del_poss,1.02036274618894,0.919974785381754,0.024866785079929,0.014583333333333
Prostate,G&H,lof,1.69794403108336,0.179763371759989,0.02054794520548,0.014051522248244
Gynaecological,NGTDC,lof_del_poss,1.20583572244174,0.117359549624621,0.02641103394307,0.01358285541805
Ovarian,NGTDC,lof_del,3.73313217668259,0.002227621886761,0.023529411764706,0.013559322033898
Digestive,GEL (Mixed+Low),lof_del,1.26806018340524,0.18061201889951,0.022867737948084,0.013256897169473
Haematological,G&H,lof_del_poss,1.47720067539572,0.024652477898395,0.023335230506545,0.013099041533546
Gynaecological,GEL (High),lof_del_poss,1.1088280030816,0.398770306190178,0.025266869062776,0.012994862496223
Haematological,NGTDC,lof_del,1.47517795919622,0.003400934530299,0.023850619802291,0.012689931541159
Thyroid,G&H,lof,5.66648321408916,0.164960594004982,0.011560693641619,0.0125
Breast,GEL (Mixed+Low),lof_del,0.844576855604621,0.450444808584122,0.021369212504947,0.012300683371298
Digestive,NGTDC,lof_del,1.14529234133655,0.311869886949009,0.022075841196368,0.011987625676721
Breast,GEL (Mixed+Low),lof,0.827850538815716,0.848796291072301,0.01437125748503,0.011928429423459
Prostate,NGTDC,lof_del_poss,1.48388933406436,0.080813267078981,0.02208067940552,0.011828935395814
Digestive,GEL (High),lof_del,1.10186082186868,0.47881051557474,0.021428571428572,0.011591536338547
Haematological,GEL (Mixed+Low),lof_del,1.26242455195468,0.230144978389426,0.019774011299435,0.011437908496732
Digestive,G&H,lof_del,1.06862245536497,0.69982610681825,0.019509125235998,0.011342846688621
Digestive,GEL (Mixed+Low),lof_del_poss,1.08358214812744,0.451071457230968,0.021735380369157,0.011301462014531
Digestive,NGTDC,lof_del_poss,1.11392636825833,0.271726274231157,0.022056963626246,0.011282475934168
Prostate,GEL (High),lof,1.33420458595699,0.433621919679934,0.016528925619835,0.011160714285714
Haematological,GEL (Mixed+Low),lof_del_poss,1.27940074906367,0.0389682437539,0.02130406714009,0.011111111111111
Gynaecological,GEL (Mixed+Low),lof_del_poss,0.883495744418404,0.518815522845508,0.020598332515939,0.011070110701107
Haematological,GEL (High),lof,1.19270694107937,0.346446840777961,0.018966644865926,0.010845175766642
Prostate,G&H,lof_del,1.2967323137859,0.41291759216283,0.01783723522854,0.010810810810811
Prostate,G&H,lof_del_poss,1.31474135195176,0.283441004083278,0.019831432821021,0.010752688172043
Colorectal,NGTDC,lof,2.27631816540267,0.026671435357195,0.017621145374449,0.010718113612004
Digestive,G&H,lof_del_poss,0.997669720908939,1,0.020135052179251,0.010649350649351
Digestive,GEL (High),lof_del_poss,0.947983264983825,0.599910691858867,0.020376743343597,0.010397892693747
Prostate,GEL (High),lof_del_poss,1.30648228685999,0.099397032651583,0.019326339039205,0.009877240016932
Haematological,GEL (High),lof_del,1.09271647342923,0.430924982557586,0.019008395374624,0.009802319882372
Prostate,GEL (High),lof_del,1.13803490806182,0.604631760353169,0.017568192325474,0.009471585244267
Haematological,NGTDC,lof_del_poss,1.02981129304648,0.828657401502496,0.018365736422986,0.009311122426711
Haematological,GEL (High),lof_del_poss,0.944885973205102,0.661851597208799,0.018003866602223,0.009107579462103
Bladder,G&H,lof,2.81827857314519,0.162599590300339,0.01123595505618,0.009049773755656
Endocrine,NGTDC,lof,2.79932950191571,0.097297866104024,0.0125,0.008547008547009
Gynaecological,GEL (Mixed+Low),lof_del,0.65015306014736,0.341906189413053,0.012216404886562,0.008120649651972
Ovarian,GEL (High),lof_del,2.3861575981835,0.001198317635735,0.015578635014837,0.008058326937836
Skin,NGTDC,lof_del,2.67690505628945,0.315094178857805,0.008,0.0078125
Skin,NGTDC,lof_del_poss,2.69118134234413,0.043791529039413,0.012953367875648,0.007692307692308
Prostate,GEL (Mixed+Low),lof_del_poss,0.871170764719152,0.789553783701393,0.013786312161497,0.007470651013874
Skin,G&H,lof,2.65385948408179,0.01422610568026,0.013411567476949,0.007469654528478
Prostate,GEL (Mixed+Low),lof_del,0.848655481498506,1,0.011778563015312,0.007225433526012
Uterine,G&H,lof,2.23281037513682,0.159800788472863,0.01219512195122,0.007211538461538
Endocrine,G&H,lof,2.31137589928058,0.354502579414415,0.007434944237918,0.007142857142857
Colorectal,G&H,lof_del,1.4332576962247,0.283456711481452,0.011730205278592,0.006884681583477
Uterine,GEL (High),lof,2.04552875022674,0.262156635442458,0.010638297872341,0.006666666666667
Bladder,G&H,lof_del,2.15987409160047,0.013055843101992,0.012452107279694,0.006656426011265
Colorectal,GEL (Mixed+Low),lof_del,1.38113428142355,0.259086925736885,0.012032660077353,0.006588235294118
Colorectal,G&H,lof_del_poss,1.35734014716078,0.214741371118412,0.012052013954964,0.00643849542528
Uterine,NGTDC,lof,1.93992081253228,0.281827842382856,0.010204081632653,0.006329113924051
Colorectal,GEL (High),lof_del,1.33722163460574,0.185620026353594,0.011993283761094,0.006301991429292
Colorectal,GEL (Mixed+Low),lof,1.26224551917699,0.517823428103183,0.008670520231214,0.006122448979592
Skin,GEL (Mixed+Low),lof,2.08386148151904,0.384383837696364,0.006993006993007,0.00609756097561
Prostate,GEL (Mixed+Low),lof,0.708857808857809,1,0.006191950464396,0.006024096385542
Skin,G&H,lof_del,2.20760080621672,0.002484899912026,0.011402508551882,0.005906674542233
Urinary,G&H,lof_del,1.45760510155881,0.081299152837568,0.01127649977447,0.005869922517023
Respiratory,G&H,lof_del,2.11498823032352,0.087489615979549,0.010455563853622,0.005723630417007
Endocrine,GEL (High),lof,1.77322168508287,0.434103711912394,0.006430868167203,0.005494505494506
Colorectal,NGTDC,lof_del,1.13825373495321,0.50112243710262,0.010455876202426,0.005458515283843
Kidney,G&H,lof_del,1.54052616548868,0.179426411965127,0.010045662100457,0.005389514943655
Bladder,NGTDC,lof_del,1.6489223788689,0.435993637815253,0.008583690987124,0.00531914893617
Bladder,G&H,lof_del_poss,1.70373793484579,0.045379036594849,0.010071561091969,0.005222649807587
Colorectal,NGTDC,lof_del_poss,1.11582584996934,0.461696576890256,0.010296870821075,0.005218923681713
Uterine,G&H,lof_del_poss,1.73771977524017,0.041738980607934,0.010071561091969,0.005139302136868
Endocrine,G&H,lof_del,1.68837606837607,0.124800842650889,0.009508716323296,0.005102040816327
Urinary,GEL (High),lof,1.20862881819262,0.741374784509273,0.007843137254902,0.005084745762712
Colorectal,GEL (Mixed+Low),lof_del_poss,1.05064675876514,0.763495295489147,0.009920490188927,0.005034426593618
Ovarian,NGTDC,lof_del_poss,1.3891186764238,0.170446062909842,0.009809264305177,0.004986149584488
Endocrine,G&H,lof_del_poss,1.73040624188051,0.020857500438848,0.009639483323694,0.004942665085014
Colorectal,GEL (High),lof_del_poss,0.982831011165152,0.942558940424461,0.009524383627705,0.004820894611582
Uterine,GEL (High),lof_del_poss,1.57318556561698,0.101770516796937,0.009250693802035,0.004708097928437
Uterine,GEL (High),lof_del,1.44935064935065,0.320170067369164,0.008836524300442,0.004680187207488
Endocrine,GEL (High),lof_del,1.50394132653061,0.213786423214805,0.008579599618684,0.004570848146267
Urinary,NGTDC,lof_del_poss,1.08778194678052,0.655488038737837,0.008840667068515,0.004499437570304
Urinary,NGTDC,lof,1.05323596201486,0.715668916300939,0.0064,0.004444444444444
Urinary,GEL (High),lof_del_poss,1.06873928448966,0.724487098232755,0.008725157537567,0.004437869822485
Urinary,G&H,lof_del_poss,1.06727609841097,0.730268517058603,0.008716179408026,0.0044284528093
Urinary,NGTDC,lof_del,1.0410630745883,0.882688024648403,0.008277618592805,0.004383007417397
Uterine,NGTDC,lof_del_poss,1.46340712776216,0.143798271111706,0.008568980291345,0.004341031429068
Endocrine,NGTDC,lof_del,1.41284855769231,0.309352301910893,0.008115419296664,0.00430828147439
Urinary,GEL (High),lof_del,1.00936320986844,0.880966931499307,0.008021390374332,0.004259850905218
Ovarian,GEL (High),lof_del_poss,1.11061774260583,0.666243799520976,0.008263564205719,0.004172614472384
Skin,G&H,lof_del_poss,1.64774903110689,0.007607551469181,0.008031496062992,0.004054698680235
Kidney,NGTDC,lof_del_poss,1.13614075208553,0.538126081125393,0.007815275310835,0.003977820636451
Kidney,G&H,lof_del_poss,1.11877360607307,0.586221243023982,0.007725203476342,0.003943661971831
Lung,G&H,lof_del_poss,1.70290236649734,0.056579589064159,0.007607776838546,0.003887688984881
Thyroid,NGTDC,lof_del,1.73553965414431,0.325074206796268,0.006546644844517,0.003861003861004
Kidney,GEL (High),lof_del_poss,1.05697138446024,0.774720032798377,0.007391558062634,0.003750123359321
Uterine,NGTDC,lof_del,1.13926561243634,0.654271710527362,0.007138607971446,0.003738317757009
Thyroid,NGTDC,lof_del_poss,1.69941922118918,0.203802777874689,0.007049345417925,0.003697834125726
Endocrine,NGTDC,lof_del_poss,1.21097498072667,0.414186947526873,0.007171314741036,0.003680228992026
Respiratory,G&H,lof_del_poss,1.42006023307582,0.109985299104303,0.007210455159982,0.00365296803653
Endocrine,GEL (High),lof_del_poss,1.21723972576109,0.304601073031931,0.007113921549254,0.003602882305845
Uterine,G&H,lof_del,1.08438300051203,0.824010085361749,0.006833712984055,0.003571428571429
Kidney,GEL (High),lof_del,0.986368124751536,1,0.006747638326586,0.003552397868561
Urinary,GEL (Mixed+Low),lof_del_poss,0.817479570990807,0.653780857954859,0.006594131223211,0.003498950314906
Urinary,G&H,lof,0.814585293722275,1,0.00575263662512,0.003456221198157
Kidney,GEL (High),lof,0.942785291288577,1,0.005420054200542,0.00339558573854
Thyroid,G&H,lof_del_poss,1.57141219982289,0.138961942694428,0.00655737704918,0.00336417157275
Thyroid,GEL (High),lof_del,1.51993684899594,0.301375972658013,0.006349206349206,0.003338898163606
Bladder,NGTDC,lof_del_poss,0.992021544347126,1,0.006033182503771,0.003236245954693
Skin,GEL (High),lof_del,1.09839849866446,0.730334461523754,0.006184291898578,0.003213367609255
Lung,NGTDC,lof_del_poss,1.32910256090567,0.253673418539823,0.006154898273209,0.003132068905516
Respiratory,NGTDC,lof_del_poss,1.13923076649057,0.590835708655465,0.006140201262152,0.003132068905516
Ovarian,GEL (Mixed+Low),lof_del_poss,0.744031799454535,0.355089428792219,0.006035783574046,0.003077599472412
Lung,G&H,lof_del,1.24186544342508,0.677985919288392,0.005277044854881,0.003048780487805
Bladder,GEL (High),lof_del,0.916946857196227,1,0.005625879043601,0.003003003003003
Kidney,NGTDC,lof,0.813255166931638,1,0.004081632653061,0.002932551319648
Endocrine,GEL (Mixed+Low),lof_del_poss,0.86617717220476,0.426991291436059,0.005787037037037,0.002910230579807
Bladder,GEL (High),lof_del_poss,0.864648166573464,0.650065909600337,0.005673375658517,0.002889378095762
Kidney,NGTDC,lof_del,0.787778936996464,0.725753820017856,0.005413766434648,0.002872384078785
Endocrine,GEL (Mixed+Low),lof_del,0.908658503799599,0.797229284418835,0.005606166783462,0.002867897472665
Endocrine,GEL (Mixed+Low),lof,0.90654310966811,1,0.005050505050505,0.002832861189802
Kidney,GEL (Mixed+Low),lof_del_poss,0.765300023906287,0.625229327057089,0.005324459234609,0.002801120448179
Skin,GEL (Mixed+Low),lof_del_poss,0.917290021241389,0.823953101075845,0.005429250084832,0.002752609244179
Thyroid,GEL (High),lof_del_poss,1.23819052016682,0.417912765114774,0.00527078666491,0.002668089647812
Skin,GEL (High),lof_del_poss,0.855057890240356,0.490166256466155,0.005223171889839,0.002637046507911
Thyroid,GEL (Mixed+Low),lof_del,1.15249802994484,0.62346074772601,0.004994797086368,0.002546689303905
Skin,GEL (Mixed+Low),lof_del,0.789389522449544,1,0.004279600570613,0.00234375
Thyroid,G&H,lof_del,1.02795781893004,0.768630997195064,0.004310344827586,0.002309468822171
Kidney,GEL (Mixed+Low),lof_del,0.616965959247839,1,0.003350083752094,0.002232142857143
Urinary,GEL (Mixed+Low),lof_del,0.524775643498161,1,0.003210272873194,0.002232142857143
Thyroid,GEL (Mixed+Low),lof_del_poss,0.902757956329385,0.678226791802894,0.004253509145045,0.002136143548846
Thyroid,GEL (Mixed+Low),lof,0.873262966056648,1,0.003610108303249,0.001970443349754
Bladder,GEL (High),lof,0.561729246558336,1,0.002954209748892,0.001845018450185
Ovarian,GEL (Mixed+Low),lof_del,0.443906722208609,0.328345180302867,0.003319502074689,0.001793721973094
Skin,GEL (High),lof,0.567776971186062,1,0.002797202797203,0.001686340640809
Kidney,G&H,lof,0.374644137982031,0.528113137907556,0.002270147559591,0.001366120218579
Bladder,NGTDC,lof,0,1,0,0
Colorectal,G&H,lof,0,1,0,0
Kidney,GEL (Mixed+Low),lof,0,1,0,0
Lung,G&H,lof,0,1,0,0
Lung,NGTDC,lof,0,1,0,0
Lung,NGTDC,lof_del,0,0.413571230491772,0,0
Ovarian,GEL (Mixed+Low),lof,0,1,0,0
Ovarian,G&H,lof,0,1,0,0
Ovarian,G&H,lof_del,0,1,0,0
Respiratory,G&H,lof,0,1,0,0
Respiratory,NGTDC,lof,0,1,0,0
Respiratory,NGTDC,lof_del,0,0.431120786877852,0,0
Skin,NGTDC,lof,0,1,0,0
Thyroid,GEL (High),lof,0,1,0,0
Thyroid,NGTDC,lof,0,1,0,0
Urinary,GEL (Mixed+Low),lof,0,1,0,0
