Mask	Ensembl_ID	Solid_Eur_hom.alt	Solid_Eur_het	Solid_Eur_hom.ref	Solid_BP_hom.alt	Solid_BP_het	Solid_BP_hom.ref	fisher.p.val	adj.fisher.p.val	log.odds.ratio	lower.CI	upper.CI	p.val	adj.p.val	log.odds.ratio.sex	lower.CI.sex	upper.CI.sex	p.val.sex	adj.p.val.sex
M1	ENSG00000204920	0	5	11931	0	5	120	2.66775255943742e-08	1	4.59940359095093	3.34683937473888	5.85196780716299	6.15659135698796e-13	2.89359793778434e-11	4.59166247217635	3.33827598994044	5.84504895441226	6.96389896100135e-13	3.27303251167064e-11
M1	ENSG00000117480	0	8	11928	0	3	122	0.000168754433928458	1	3.6017935585919	2.26295914626727	4.94062797091654	1.34369135526777e-07	3.15767468487927e-06	3.58674010447964	2.24682239497513	4.92665781398415	1.55013862911857e-07	3.64282577842864e-06
M1	ENSG00000205189	18	798	11120	2	18	105	0.000125694922472587	1	0.964375543997268	0.525642730955804	1.40310835703873	1.64601025987927e-05	0.000257874940714419	0.962072006351059	0.522948599772893	1.40119541292923	1.75427417970828e-05	0.000274836288154297
M1	ENSG00000165672	0	6	11930	0	1	124	0.070347745622185	1	2.77477048017629	0.650387495500051	4.89915346485253	0.0104667943198022	0.0979083499485188	2.73556102809099	0.608487219534719	4.86263483664726	0.0117139474511824	0.11196602572183
M1	ENSG00000166946	0	7	11929	0	1	124	0.0799882410442156	1	2.62053597453952	0.517790201125518	4.72328174795352	0.0145820946731708	0.0979083499485188	2.64910679633148	0.544715488721524	4.75349810394143	0.0136138192097384	0.11196602572183
M1	ENSG00000107902	0	7	11929	0	1	124	0.0799882410442156	1	2.62053597453937	0.517790201125298	4.72328174795343	0.0145820946731796	0.0979083499485188	2.6291847236384	0.525704382453381	4.73266506482342	0.0142935351985315	0.11196602572183
M1	ENSG00000136731	0	7	11929	0	1	124	0.0799882410442156	1	2.62053597453927	0.517790201125193	4.72328174795334	0.0145820946731837	0.0979083499485188	2.56127885227397	0.452915297464506	4.66964240708343	0.0172656968173005	0.115926821487589
M1	ENSG00000162365	0	10	11926	0	1	124	0.108318683474485	1	2.26360951100228	0.200382446425963	4.32683657557859	0.0315301147004467	0.185239423865124	2.27382617930554	0.209987080185915	4.33766527842516	0.0308205275219821	0.181070599191645
M1	ENSG00000140451	8	520	11408	0	1	124	0.121780875243158	1	-1.73746906533118	-3.70035617667043	0.22541804600806	0.0827617734629563	0.432200372528772	-1.73527740033183	-3.69809466963724	0.227539868973587	0.0831392450379728	0.43417161297608
M1	ENSG00000162931	0	67	11869	0	2	123	0.160252060352565	1	1.05795544376588	-0.35965495124241	2.47556583877417	0.143546426949671	0.645001216541419	1.05270208533472	-0.365068915850738	2.47047308652018	0.14559090409609	0.646232459684059
M1	ENSG00000139437	0	22	11914	0	1	124	0.21324265419458	1	1.47414543914512	-0.537662735191637	3.48595361348187	0.15095773153097	0.645001216541419	1.47327305606402	-0.53876260714649	3.48530871927453	0.151245894819673	0.646232459684059
M1	ENSG00000136856	0	32	11904	0	1	124	0.291252090547034	1	1.09861228858872	-0.899588458966261	3.0968130361437	0.281216906497793	0.981910784454474	1.1084817432816	-0.890017078171507	3.10698056473472	0.276989030195626	0.981886340536646
M1	ENSG00000012048	0	44	11892	0	1	124	0.374794314096244	1	0.779149984516709	-1.21084168497407	2.76914165400748	0.442847820191	0.981910784454474	0.82996925047636	-1.16371219104778	2.8236506920005	0.414538640541831	0.981886340536646
M1	ENSG00000214929	0	47	11889	0	1	124	0.394105294638094	1	0.712939714465501	-1.27565129451942	2.70153072345042	0.482257378047735	0.981910784454474	0.714665263534216	-1.27403983873678	2.70337036580521	0.481223057257228	0.981886340536646
M1	ENSG00000154646	0	76	11860	0	1	124	0.552796865407919	1	0.229911766586454	-1.75082087533015	2.21064440850306	0.820034142524496	0.981910784454474	0.225901160020025	-1.75492297501439	2.20672529505444	0.823129119146025	0.981886340536646
M1	ENSG00000198911	0	0	11936	0	1	124	0.0103639830859173	1	17.1330957617826	-619.35287733192	653.619068855485	0.957924070465746	0.981910784454474	17.2062200120894	-619.279774664163	653.692214688342	0.957744658970551	0.981886340536646
M1	ENSG00000196712	0	22	11914	0	0	125	1	1	-11.008912527895	-619.169683883833	597.151858828043	0.971697613014786	0.981910784454474	-11.0394824220765	-619.010803461609	596.931838617456	0.971610215094323	0.981886340536646
M1	ENSG00000240505	0	19	11917	0	0	125	1	1	-11.0086607550117	-665.423201470247	643.405879960224	0.973697863867673	0.981910784454474	-10.9991725228111	-665.206248241901	643.207903196279	0.97371219431371	0.981886340536646
M1	ENSG00000172037	0	18	11918	0	0	125	1	1	-11.0085768447832	-683.355601976918	661.338448287352	0.974399331518321	0.981910784454474	-11.0021539049251	-683.131686756579	661.127378946729	0.974405986704465	0.981886340536646
M1	ENSG00000077800	0	8	11928	0	0	125	1	1	-10.007737657571	-621.706472816134	601.690997500992	0.974419321401128	0.981910784454474	-10.0179013480634	-621.510552192204	601.474749496077	0.974384724061104	0.981886340536646
M1	ENSG00000166819	0	16	11920	0	0	125	1	1	-11.0084090454598	-724.140117505291	702.123299414371	0.975863365734267	0.981910784454474	-10.9905270207037	-723.912497692502	701.931443651094	0.975895474094361	0.981886340536646
M1	ENSG00000125744	0	7	11929	0	0	125	1	1	-10.0076538247093	-663.941104965615	643.925797316196	0.976071153978258	0.981910784454474	-10.0493922688529	-663.807204807864	643.708420270158	0.975964931619577	0.981886340536646
M1	ENSG00000180448	0	7	11929	0	0	125	1	1	-10.0076538247078	-663.941104966026	643.92579731661	0.976071153978276	0.981910784454474	-9.96396464705549	-663.785118612108	643.857189317997	0.976171495314696	0.981886340536646
M1	ENSG00000198752	0	7	11929	0	0	125	1	1	-10.0076538247068	-663.941104966151	643.925797316737	0.976071153978284	0.981910784454474	-9.98569395035038	-663.735002272687	643.763614371986	0.97611692225245	0.981886340536646
M1	ENSG00000143502	0	7	11929	0	0	125	1	1	-10.0076538247118	-663.94110496825	643.925797318826	0.976071153978348	0.981910784454474	-9.98569395035533	-663.735002276494	643.763614375784	0.976116922252577	0.981886340536646
M1	ENSG00000107518	0	7	11929	0	0	125	1	1	-10.0076538247134	-663.94110496837	643.925797318943	0.976071153978349	0.981910784454474	-9.94197331215014	-663.875444979876	643.991498355575	0.976228153781974	0.981886340536646
M1	ENSG00000148396	0	15	11921	0	0	125	1	1	-11.008325156379	-747.527585213108	725.51093490035	0.97662975954458	0.981910784454474	-11.0234723763481	-747.295732202003	725.248787449306	0.976589763169227	0.981886340536646
M1	ENSG00000187583	0	15	11921	0	0	125	1	1	-11.0083251563825	-747.527585215702	725.510934902937	0.976629759544655	0.981910784454474	-11.043265523338	-747.344126767587	725.257595720911	0.976548651853203	0.981886340536646
M1	ENSG00000084444	0	3	11933	0	0	125	1	1	-9.00731728030487	-614.870982995493	596.856348434884	0.976754052541017	0.981910784454474	-9.08990591900291	-614.95360129073	596.773789452724	0.976540971335053	0.981886340536646
M1	ENSG00000173557	0	3	11933	0	0	125	1	1	-9.00731728030203	-614.870982997286	596.856348436682	0.976754052541093	0.981910784454474	-9.04199769878013	-614.728330505132	596.644335107571	0.976657745120045	0.981886340536646
M1	ENSG00000164985	0	13	11923	0	0	125	1	1	-11.0081573992865	-802.156750096678	780.140435298105	0.978243406687825	0.981910784454474	-10.989541287647	-801.90695789945	779.927875324156	0.978273843711751	0.981886340536646
M1	ENSG00000112303	0	29	11907	0	0	125	1	1	-12.0095004183438	-885.338635810163	861.319634973475	0.978497816326367	0.981910784454474	-11.9913431718246	-885.066399625212	861.083713281562	0.978524071257593	0.981886340536646
M1	ENSG00000158109	0	65	11871	0	0	125	1	1	-13.0125284935582	-974.774274575648	948.749217588531	0.978844102738037	0.981910784454474	-13.0123751180753	-974.453760442588	948.429010206437	0.978837304443293	0.981886340536646
M1	ENSG00000142197	0	27	11909	0	0	125	1	1	-12.0093324639694	-917.106207173821	893.087542245882	0.979252632265461	0.981910784454474	-12.0223183597214	-916.812869321539	892.768232602096	0.979223172664539	0.981886340536646
M1	ENSG00000100100	0	5	11931	0	0	125	1	1	-10.007486180086	-783.751972109475	763.736999749303	0.979775906127405	0.981910784454474	-10.0324259426274	-783.52985854282	763.465006657565	0.979719042054294	0.981886340536646
M1	ENSG00000119013	0	5	11931	0	0	125	1	1	-10.0074861800877	-783.751972109939	763.736999749764	0.979775906127413	0.981910784454474	-10.0324259426288	-783.529858542966	763.465006657708	0.979719042054295	0.981886340536646
M1	ENSG00000242574	0	1	11935	0	0	125	1	1	-8.00714620349544	-644.493119099927	628.478826692936	0.98032869961379	0.981910784454474	-8.08951019681623	-644.575511325549	628.396490931916	0.980126397025574	0.981886340536646
M1	ENSG00000006704	0	1	11935	0	0	125	1	1	-8.00714620349551	-644.49311909997	628.478826692979	0.980328699613792	0.981910784454474	-8.08951019681618	-644.575511325552	628.39649093192	0.980126397025574	0.981886340536646
M1	ENSG00000154277	0	1	11935	0	0	125	1	1	-8.00714620349702	-644.493119100601	628.478826693608	0.980328699613807	0.981910784454474	-7.94109019169032	-644.42708418232	628.54490379894	0.980490948776624	0.981886340536646
M1	ENSG00000189079	0	1	11935	0	0	125	1	1	-8.00714620349705	-644.493119100608	628.478826693614	0.980328699613807	0.981910784454474	-7.9410901916903	-644.427084182315	628.544903798935	0.980490948776624	0.981886340536646
M1	ENSG00000169777	0	1	11935	0	0	125	1	1	-8.00714620349807	-644.493119100809	628.478826693813	0.980328699613811	0.981910784454474	-7.94109019168981	-644.427084182082	628.544903798703	0.980490948776618	0.981886340536646
M1	ENSG00000148356	0	10	11926	0	0	125	1	1	-11.0079058163674	-913.056083647426	891.040272014691	0.980918095495349	0.981910784454474	-11.0031464444288	-912.756534251978	890.75024136312	0.980920110030387	0.981886340536646
M1	ENSG00000137947	0	2	11934	0	0	125	1	1	-9.0072334825903	-751.03564035669	733.02117339151	0.981019044433028	0.981910784454474	-8.94124001798961	-750.969664993346	733.087184957367	0.981158087062511	0.981886340536646
M1	ENSG00000081277	0	2	11934	0	0	125	1	1	-9.00723348259568	-751.035640359023	733.021173393831	0.981019044433076	0.981910784454474	-9.08970978288836	-751.118140881468	732.938721315691	0.980845275878194	0.981886340536646
M1	ENSG00000198369	0	2	11934	0	0	125	1	1	-9.00723348259471	-751.035640359007	733.021173393817	0.981019044433077	0.981910784454474	-8.94124001798037	-750.96966498635	733.087184950389	0.981158087062353	0.981886340536646
M1	ENSG00000182552	0	4	11932	0	0	125	1	1	-10.0074023683586	-875.080031754324	855.065227017607	0.981910784454439	0.981910784454474	-10.0175560217381	-874.79912231863	854.764010275154	0.981886340536618	0.981886340536646
M1	ENSG00000182628	0	4	11932	0	0	125	1	1	-10.0074023683594	-875.080031756066	855.065227019347	0.981910784454474	0.981910784454474	-10.0175560217349	-874.799122319699	854.76401027623	0.981886340536646	0.981886340536646
M1	ENSG00000071575	0	0	11936	0	0	125	1	1	NA	NA	NA	NA	NA	NA	NA	NA	NA	NA
M2	ENSG00000148396	0	81	11855	0	15	110	4.68350493518551e-14	1	2.99362567861195	2.41158793860342	3.57566341862049	6.71857763867704e-24	3.22491726656498e-22	3.00889776057376	2.42569288570558	3.59210263544194	4.89073558145613e-24	2.34755307909894e-22
M2	ENSG00000204920	0	5	11931	0	5	120	2.66775255943742e-08	1	4.59940359095093	3.34683937473888	5.85196780716299	6.15659135698796e-13	1.47758192567711e-11	4.59166247217635	3.33827598994044	5.84504895441226	6.96389896100135e-13	1.67133575064033e-11
M2	ENSG00000205189	18	804	11114	2	23	100	9.10910399380878e-07	1	1.18207128625206	0.779595650530796	1.58454692197332	8.59185559037369e-09	1.37469689445979e-07	1.18014265354165	0.777302576801538	1.58298273028177	9.36617628382054e-09	1.49858820541129e-07
M2	ENSG00000136856	0	109	11827	0	8	117	2.82068746009003e-05	1	2.00406005671573	1.2633966769311	2.74472343650035	1.13790557744651e-07	1.36548669293581e-06	2.01446919870852	1.27328260416711	2.75565579324993	9.98584781074347e-08	1.19830173728922e-06
M2	ENSG00000117480	0	54	11882	0	3	122	0.0211847093611149	1	1.68838712618469	0.512192151296136	2.86458210107325	0.00490114257087963	0.0470509686804445	1.6896325433748	0.513274177166803	2.86599090958279	0.00487552870272657	0.0468050755461751
M2	ENSG00000107902	0	17	11919	0	1	124	0.171101953528472	1	1.73239413473916	-0.292137513569628	3.75692578304795	0.0935144226617712	0.74811538129417	1.73852593673319	-0.286349897949022	3.76340177141541	0.0924150422915295	0.739320338332236
M2	ENSG00000136731	0	21	11915	0	1	124	0.204988107591861	1	1.52074938612346	-0.493124231789062	3.53462300403597	0.138862503670381	0.952200025168329	1.5102891083099	-0.503969008055317	3.52454722467512	0.141675699588182	0.971490511461818
M2	ENSG00000162931	0	87	11849	0	2	123	0.235447164202538	1	0.795053461265389	-0.617900633703831	2.20800755623461	0.270092394740155	0.981897281145228	0.791870213028943	-0.621186887878248	2.20492731393613	0.27204988530092	0.981916055773504
M2	ENSG00000081277	2	405	11529	0	2	123	0.459668414164297	1	-0.774891193671563	-2.17105397953031	0.621271592187188	0.276679312948733	0.981897281145228	-0.773086522783559	-2.1694560744757	0.62328302890858	0.277870662564927	0.981916055773504
M2	ENSG00000154646	8	816	11112	0	6	119	0.517264039940574	1	-0.389554407406	-1.20698311503384	0.427874300221837	0.350282314439789	0.981897281145228	-0.393863546447709	-1.21135597646307	0.423628883567648	0.345016200844276	0.981916055773504
M2	ENSG00000140451	19	1286	10631	2	13	110	0.0308878170549396	1	0.223521058509807	-0.279944093193825	0.726986210213439	0.384215155646833	0.981897281145228	0.223012070985393	-0.280332629992124	0.726356771962909	0.385185083296583	0.981916055773504
M2	ENSG00000165672	1	217	11718	0	1	124	0.733010421406792	1	-0.83531054793873	-2.80132681695274	1.13070572107528	0.404991895943528	0.981897281145228	-0.844662307433737	-2.81054350836267	1.1212188934952	0.399720837301096	0.981916055773504
M2	ENSG00000139437	0	45	11891	0	1	124	0.381298201470053	1	0.756593034983741	-1.23291110899913	2.74609717896662	0.456054637471213	0.981897281145228	0.752354569751366	-1.23728908437317	2.74199822387591	0.458613628248005	0.981916055773504
M2	ENSG00000198911	0	46	11890	0	1	124	0.387734965915749	1	0.734530027512593	-1.25450767597136	2.72356773099655	0.46919257033174	0.981897281145228	0.716164255201776	-1.27346949183188	2.70579800223544	0.480508656338043	0.981916055773504
M2	ENSG00000196712	0	47	11889	0	1	124	0.394105294638094	1	0.712939714465549	-1.27565129451948	2.70153072345058	0.482257378047729	0.981897281145228	0.70227984187588	-1.28658270480746	2.69114238855922	0.488889867453433	0.981916055773504
M2	ENSG00000214929	0	47	11889	0	1	124	0.394105294638094	1	0.712939714465501	-1.27565129451942	2.70153072345042	0.482257378047735	0.981897281145228	0.714665263534216	-1.27403983873678	2.70337036580521	0.481223057257228	0.981916055773504
M2	ENSG00000012048	0	53	11883	0	1	124	0.430969729864779	1	0.592290607055603	-1.39397258933747	2.57855380344867	0.55891870180502	0.981897281145228	0.63044224067363	-1.35797484255562	2.61885932390288	0.534322673721641	0.981916055773504
M2	ENSG00000162365	0	53	11883	0	1	124	0.430969729864779	1	0.592290607055591	-1.39397258933746	2.57855380344864	0.558918701805023	0.981897281145228	0.578892486800233	-1.4077254082123	2.56551038181276	0.56791447650209	0.981916055773504
M2	ENSG00000166946	0	55	11881	0	1	124	0.442756432418202	1	0.555081013543693	-1.43051860319394	2.54068063028132	0.583750621080934	0.981897281145228	0.541768069328551	-1.44417965336305	2.52771579202015	0.59287137111611	0.981916055773504
M2	ENSG00000189079	0	131	11805	0	2	123	0.402086743056869	1	0.382043951426651	-1.02565251566121	1.78974041851451	0.594776247916277	0.981897281145228	0.395868306662192	-1.012269425855	1.80400603917939	0.58163185723601	0.981916055773504
M2	ENSG00000142197	1	225	11710	0	2	123	0.999999999993642	1	-0.174448167132815	-1.5724788381813	1.22358250391567	0.80679174183364	0.981897281145228	-0.17767941769239	-1.57535840987726	1.21999957449248	0.803237261726034	0.981916055773504
M2	ENSG00000119013	0	51	11885	0	0	125	1	1	-12.0113497799654	-670.566069564293	646.543370004362	0.971483540074526	0.981897281145228	-12.0112863239153	-670.346590970868	646.324018323038	0.97147419057424	0.981916055773504
M2	ENSG00000172037	0	116	11820	0	0	125	0.635800418177262	1	-13.0168339326552	-732.954985244084	706.921317378774	0.971731195733384	0.981897281145228	-13.0299579187727	-732.71538983026	706.655473992715	0.97169277367364	0.981916055773504
M2	ENSG00000164985	0	19	11917	0	0	125	1	1	-11.0086607550116	-665.423201470078	643.405879960055	0.973697863867666	0.981897281145228	-10.9754731939789	-665.240511358836	643.289564970878	0.973771137837792	0.981916055773504
M2	ENSG00000125744	0	19	11917	0	0	125	1	1	-11.0086607550107	-665.423201470687	643.405879960665	0.973697863867693	0.981897281145228	-11.0227803783733	-665.216977032555	643.171416275808	0.973655274041889	0.981916055773504
M2	ENSG00000180448	0	19	11917	0	0	125	1	1	-11.0086607550109	-665.423201470944	643.405879960923	0.973697863867703	0.981897281145228	-10.9991725228023	-665.206248238845	643.207903193241	0.973712194313609	0.981916055773504
M2	ENSG00000006704	0	99	11837	0	0	125	0.628891178438466	1	-13.0153967256938	-792.318819891904	766.288026440516	0.973886719979137	0.981897281145228	-13.0097364761624	-792.063280308626	766.043807356301	0.973889703163156	0.981916055773504
M2	ENSG00000112303	0	95	11841	0	0	125	0.62873181367501	1	-13.0150588593714	-808.555713075743	782.525595357	0.974420179372929	0.981897281145228	-13.0025312767934	-808.304257143665	782.299194590078	0.974437117891025	0.981916055773504
M2	ENSG00000187583	0	40	11896	0	0	125	1	1	-12.0104246716572	-755.623393978561	731.602544635247	0.974746182965382	0.981897281145228	-12.0019318002821	-755.378776694944	731.374913094379	0.974756021396482	0.981916055773504
M2	ENSG00000240505	0	214	11722	0	0	125	0.177125672869257	1	-14.0251595501171	-887.930774124811	859.880455024577	0.974906581990345	0.981897281145228	-14.0227662655876	-887.643206031121	859.597673499946	0.974902675461401	0.981916055773504
M2	ENSG00000084444	0	16	11920	0	0	125	1	1	-11.0084090454595	-724.140117505169	702.12329941425	0.975863365734263	0.981897281145228	-11.0279031958802	-723.923501022741	701.867694630981	0.975812630910561	0.981916055773504
M2	ENSG00000173557	0	7	11929	0	0	125	1	1	-10.0076538247076	-663.941104965693	643.925797316277	0.976071153978265	0.981897281145228	-9.98569395035608	-663.73500227648	643.763614375768	0.976116922252574	0.981916055773504
M2	ENSG00000137947	0	15	11921	0	0	125	1	1	-11.0083251563815	-747.527585215294	725.510934902531	0.976629759544644	0.981897281145228	-10.9935693939926	-747.289001089352	725.301862301366	0.976653983669468	0.981916055773504
M2	ENSG00000143502	0	15	11921	0	0	125	1	1	-11.0083251563827	-747.527585215667	725.510934902901	0.976629759544653	0.981897281145228	-10.9835438994521	-747.304848118593	725.337760319689	0.976676087147489	0.981916055773504
M2	ENSG00000158109	0	77	11859	0	0	125	1	1	-13.0135398717118	-896.66055781289	870.633478069466	0.976972622510705	0.981897281145228	-13.0091683647456	-896.369193130036	870.350856400545	0.97697287898552	0.981916055773504
M2	ENSG00000166819	0	32	11904	0	0	125	1	1	-12.0097524026596	-843.394321882875	819.374817077556	0.977412808824079	0.981897281145228	-11.9919276533098	-843.134105224106	819.150249917486	0.977439747824804	0.981916055773504
M2	ENSG00000077800	0	14	11922	0	0	125	1	1	-11.0082412743126	-773.378102563714	751.361620015089	0.977422159420202	0.981897281145228	-10.9970579178505	-773.127897134348	751.133781298647	0.977438018444997	0.981916055773504
M2	ENSG00000107518	0	31	11905	0	0	125	1	1	-12.009668400834	-856.697235098139	832.677898296471	0.977768597488598	0.981897281145228	-12.0078050177292	-856.416078969714	832.400468934256	0.977764695835339	0.981916055773504
M2	ENSG00000148356	0	30	11906	0	0	125	1	1	-12.0095844060614	-870.659874386439	846.640705574316	0.978130169407568	0.981897281145228	-12.0148063442947	-870.374950135741	846.345337447152	0.978113268594644	0.981916055773504
M2	ENSG00000198752	0	26	11910	0	0	125	1	1	-12.0092484974665	-934.347612288234	910.329115293301	0.979640525045937	0.981897281145228	-11.9964344674357	-934.050794940552	910.057926005681	0.979655981267668	0.981916055773504
M2	ENSG00000071575	0	5	11931	0	0	125	1	1	-10.0074861800871	-783.751972109634	763.73699974946	0.979775906127407	0.981897281145228	-10.0324259426266	-783.529858544013	763.465006658759	0.979719042054327	0.981916055773504
M2	ENSG00000100100	0	11	11925	0	0	125	1	1	-11.0079896703728	-871.077182580933	849.061203240187	0.97998676813301	0.981897281145228	-11.0113856798374	-870.791718067006	848.768946707331	0.979973870755364	0.981916055773504
M2	ENSG00000242574	0	1	11935	0	0	125	1	1	-8.00714620349544	-644.493119099927	628.478826692936	0.98032869961379	0.981897281145228	-8.08951019681623	-644.575511325549	628.396490931916	0.980126397025574	0.981916055773504
M2	ENSG00000169777	0	1	11935	0	0	125	1	1	-8.00714620349807	-644.493119100809	628.478826693813	0.980328699613811	0.981897281145228	-7.94109019168981	-644.427084182082	628.544903798703	0.980490948776618	0.981916055773504
M2	ENSG00000154277	0	2	11934	0	0	125	1	1	-9.00723348259683	-751.035640360027	733.021173394834	0.981019044433099	0.981897281145228	-9.01738211369216	-750.796292448037	732.761528220652	0.980991272043516	0.981916055773504
M2	ENSG00000182552	0	9	11927	0	0	125	1	1	-11.0078219695409	-961.850087222037	939.834443282955	0.981897281145227	0.981897281145228	-11.0262347293534	-961.553772365962	939.501302907255	0.981861003024514	0.981916055773504
M2	ENSG00000182628	0	9	11927	0	0	125	1	1	-11.0078219695424	-961.850087222183	939.834443283098	0.981897281145228	0.981897281145228	-11.0426322476547	-961.604766936414	939.519502441105	0.981834693576294	0.981916055773504
M2	ENSG00000198369	0	9	11927	0	0	125	1	1	-11.0078219695437	-961.850087222335	939.834443283248	0.981897281145228	0.981897281145228	-10.9930528814312	-961.545584924788	939.559479161926	0.981916055773504	0.981916055773504
M3	ENSG00000162365	541	4207	7188	27	66	32	6.8666162441687e-19	1	1.21128007335439	0.955533643424135	1.46702650328464	1.6494675166825e-20	7.91744408007601e-19	1.21087857002029	0.955004446605592	1.46675269343499	1.773204598215e-20	8.51138207143199e-19
M3	ENSG00000204920	0	237	11699	1	19	105	1.50642833307392e-13	1	2.25607738989057	1.7743848484744	2.73776993130675	4.31982439416089e-20	1.03675785459861e-18	2.24980670968938	1.76755310162011	2.73206031775864	6.04002029617455e-20	1.44960487108189e-18
M3	ENSG00000136731	0	262	11674	1	12	112	4.00491948204794e-07	1	1.69819087583072	1.13602566604495	2.2603560856165	3.20638688574182e-09	5.13021901718691e-08	1.69435047764367	1.13220475258943	2.25649620269791	3.473756659787e-09	5.55801065565921e-08
M3	ENSG00000100100	0	57	11879	0	6	119	4.60551339672719e-05	1	2.35211212241797	1.4917394503525	3.21248479448344	8.4051814573324e-08	8.34498501088992e-07	2.34159953680234	1.48065320759875	3.20254586600592	9.7832317434201e-08	9.3919024736833e-07
M3	ENSG00000166946	0	103	11833	1	6	118	1.10906516108323e-05	1	1.98154102018827	1.25589495470189	2.70718708567465	8.692692719677e-08	8.34498501088992e-07	1.98412052482264	1.25853468977981	2.70970635986548	8.34350980152361e-08	9.3919024736833e-07
M3	ENSG00000142197	240	3763	7933	7	59	59	1.08711908330536e-05	1	0.717446127314031	0.424289642441411	1.01060261218665	1.61342475194722e-06	1.29073980155777e-05	0.720158412554563	0.426825915695628	1.0134909094135	1.49507488838117e-06	1.19605991070494e-05
M3	ENSG00000148396	895	5063	5978	0	40	85	2.65827810026716e-06	1	-0.772287314840739	-1.11591470799124	-0.428659921690239	1.05817033891685e-05	7.25602518114412e-05	-0.772489849918365	-1.11603997901903	-0.428939720817695	1.04774369174179e-05	7.1845281719437e-05
M3	ENSG00000173557	1143	5532	5261	23	66	36	0.000212254658429224	1	0.541338021664623	0.282582825482131	0.800093217847115	4.12414454888825e-05	0.000247448672933295	0.540762611458457	0.282097311111315	0.7994279118056	4.17676790165594e-05	0.000250606074099356
M3	ENSG00000012048	1358	6506	4072	31	62	32	9.05362244528297e-05	1	0.528764135990586	0.256743687099671	0.800784584881501	0.000139047913617781	0.000741588872628165	0.529326332957658	0.257333330604174	0.801319335311143	0.000136574284195612	0.000728396182376595
M3	ENSG00000180448	95	2075	9766	0	4	121	6.36815521587597e-06	1	-1.87475223378279	-2.86483222240542	-0.884672245160153	0.000206228003406729	0.000989894416352298	-1.87518257650403	-2.86535895751583	-0.885006195492221	0.000205828660446003	0.000987977570140814
M3	ENSG00000125744	0	141	11795	0	6	119	0.00423281291041406	1	1.43930707744338	0.602590969968175	2.27602318491858	0.00074759494377317	0.00326223248191929	1.4315725149378	0.594559379933166	2.26858564994243	0.000801737604938554	0.0034984913670046
M3	ENSG00000242574	30	1855	10051	5	24	96	1.59457425213326e-05	1	0.631180144826953	0.250418434422835	1.01194185523107	0.00115816231614192	0.00463264926456767	0.629666106293519	0.249066537677607	1.01026567490943	0.00118454499267969	0.00473817997071877
M3	ENSG00000205189	23	1640	10273	2	26	97	0.00285290990917827	1	0.621914476461272	0.221495319668806	1.02233363325374	0.00233350389953339	0.00861601439827713	0.620877834362625	0.22036301900124	1.02139264972401	0.00237889314060865	0.00878360544224734
M3	ENSG00000117480	0	87	11849	0	4	121	0.014704376463666	1	1.50459445157372	0.486463455564719	2.52272544758272	0.00377428012245212	0.0129403889912644	1.50802852616549	0.489744944630738	2.52631210770024	0.00370065439750021	0.0126879579342864
M3	ENSG00000172037	182	3632	8122	6	46	73	0.00538501923672164	1	0.455529224984355	0.139890561385589	0.771167888583122	0.00467496162021274	0.0149598771846808	0.455587199955642	0.139806087974421	0.771368311936862	0.00468836019483957	0.0150027526234866
M3	ENSG00000198369	0	181	11755	0	6	119	0.0131546266785415	1	1.18617290569624	0.353061803751057	2.01928400764141	0.0052615062620386	0.0157845187861158	1.1838791952054	0.350684812063397	2.01707357834741	0.00535447196121967	0.016063415883659
M3	ENSG00000198911	0	300	11636	0	8	117	0.0147680613281324	1	0.975344151696421	0.24998232830997	1.70070597508287	0.00840310633260245	0.0237264178802893	0.970506660221241	0.24500396498545	1.69600935545703	0.00874543161804233	0.0246929833921195
M3	ENSG00000136856	127	2366	9443	0	16	109	0.0860136881052384	1	-0.596413582509792	-1.10672267429132	-0.0861044907282683	0.0219825734141107	0.0584845949292532	-0.59863743091407	-1.10900962282983	-0.0882652389983146	0.0215091525477427	0.0573577401273138
M3	ENSG00000077800	1	280	11655	0	7	118	0.0397813448772156	1	0.886819118018141	0.121441019296556	1.65219721673973	0.0231501521594961	0.0584845949292532	0.88572595026181	0.119957497493858	1.65149440302976	0.0233907139172946	0.0590923298963232
M3	ENSG00000154277	0	51	11885	0	2	123	0.104428500630043	1	1.33216957216867	-0.0917708434815485	2.75610998781889	0.0667063782168996	0.160095307720559	1.33138691217677	-0.0926933888057084	2.75546721315925	0.0668933478634651	0.160544034872316
M3	ENSG00000119013	0	63	11873	0	2	123	0.14579757627067	1	1.11985029237437	-0.299043450087075	2.53874403483582	0.121890843692462	0.265123100676641	1.12183192997544	-0.297185019725478	2.54084887967636	0.12126437881428	0.272410871578174
M3	ENSG00000240505	0	434	11502	0	1	124	0.139076304850307	1	-1.5430497659967	-3.51275298506566	0.426653453072261	0.124680662810134	0.265123100676641	-1.541300808222	-3.51101810563852	0.428416489194513	0.125111139419336	0.272410871578174
M3	ENSG00000182628	0	20	11916	0	1	124	0.196647655510811	1	1.56962347459352	-0.446519688008357	3.5857666371954	0.127038152407557	0.265123100676641	1.55574769326176	-0.460906068268443	3.57240145479196	0.130530209297875	0.272410871578174
M3	ENSG00000214929	4	1019	10913	0	6	119	0.183416120614117	1	-0.620560984881067	-1.44104768121302	0.199925711450882	0.138237879889577	0.276475759779153	-0.62008034859155	-1.4406234760905	0.200462778907403	0.138570601031138	0.277141202062276
M3	ENSG00000081277	5	864	11067	0	5	120	0.26012534406633	1	-0.634167665399035	-1.52823902980607	0.259903699008003	0.164465514027147	0.315773786932122	-0.637001289753978	-1.53122074100304	0.257218161495083	0.162657512681984	0.312302424349409
M3	ENSG00000112303	0	384	11552	0	2	123	0.443286545495145	1	-0.715065030586334	-2.11499884042413	0.684868779251464	0.316768807034089	0.564810558903493	-0.707970882090136	-2.10802289507963	0.692081130899357	0.321634702121208	0.571795025993258
M3	ENSG00000154646	901	5173	5862	4	58	63	0.172420998111499	1	-0.147503717735985	-0.43684201566731	0.14183458019534	0.317705939383215	0.564810558903493	-0.1489426441309	-0.438380824027379	0.14049553576558	0.313175010997453	0.571795025993258
M3	ENSG00000006704	0	237	11699	0	4	121	0.319416714344483	1	0.489702321345501	-0.514612783637203	1.49401742632821	0.339236419060749	0.581548146961283	0.494934981611544	-0.509502374603414	1.4993723378265	0.334159645494092	0.5728451065613
M3	ENSG00000166819	4	801	11131	1	9	115	0.0535597621883082	1	0.278801084522091	-0.338746021986255	0.896348191030437	0.376234457124094	0.6034064530374	0.280209554839095	-0.337223452295088	0.897642561973279	0.373739664582783	0.603442420487192
M3	ENSG00000143502	1	170	11765	0	3	122	0.274415045642585	1	0.512216501029375	-0.63229112132781	1.65672412338656	0.38039518923701	0.6034064530374	0.516007719936035	-0.62915296883642	1.66116840870849	0.377151512804495	0.603442420487192
M3	ENSG00000071575	12	563	11361	0	4	121	0.706692316450629	1	-0.432628597699595	-1.41841606773519	0.553158872335998	0.389700000919987	0.6034064530374	-0.432201455906446	-1.41801534456227	0.553612432749374	0.390180947631719	0.604151144720082
M3	ENSG00000187583	0	323	11613	0	2	123	0.777054467091619	1	-0.536808933521024	-1.93795947701815	0.864341609976104	0.452711881085462	0.679067821628193	-0.535879587549973	-1.93705009258849	0.865290917488545	0.453501119557287	0.68025167933593
M3	ENSG00000107902	0	54	11882	0	1	124	0.436893672880741	1	0.573514316669176	-1.41241097403619	2.55943960737454	0.571382248073445	0.831101451743193	0.574997313019391	-1.41102693163534	2.56102155767412	0.570406925786644	0.829682801144209
M3	ENSG00000162931	0	134	11802	0	2	123	0.653495336540049	1	0.359147312774784	-1.04831592054677	1.76661054609634	0.616982937487358	0.87103473527627	0.352740874252403	-1.05486049425197	1.76034224275677	0.623312322261763	0.879970337310724
M3	ENSG00000189079	0	317	11619	0	4	121	0.577105080518827	1	0.191999009751073	-0.810277685894082	1.19427570539623	0.707321107758089	0.956412563425454	0.198446419704951	-0.803981916013015	1.20087475542292	0.698011869040608	0.944064808572837
M3	ENSG00000140451	21	1546	10369	2	14	109	0.0277480831378175	1	0.0887811191834265	-0.404425220200406	0.581987458567259	0.724231391791418	0.956412563425454	0.0876058249922719	-0.405523407510612	0.580735057495156	0.727695069376106	0.944064808572837
M3	ENSG00000165672	1	240	11695	0	2	123	0.999999999993642	1	-0.239362012311368	-1.63762233910264	1.1588983144799	0.737234684307121	0.956412563425454	-0.248364679494102	-1.64651349456088	1.14978413557267	0.727716623274895	0.944064808572837
M3	ENSG00000139437	0	81	11855	0	1	124	0.575642031451922	1	0.165774278151499	-1.81416940339923	2.14571795970223	0.869651286047511	0.976400747486809	0.167762645883836	-1.81225049220064	2.14777578396831	0.868106647320774	0.975768473347121
M3	ENSG00000148356	0	173	11763	0	2	123	0.703598408453313	1	0.100385521588124	-1.30477720016911	1.50554824334535	0.88864355713047	0.976400747486809	0.108122930658717	-1.29720436676903	1.51345022808647	0.880137026322218	0.975768473347121
M3	ENSG00000196712	0	306	11630	0	3	122	1	1	-0.0676506123572282	-1.21866347270199	1.08336224798753	0.908289296516182	0.976400747486809	-0.0775001190816001	-1.22878132062757	1.07378108246437	0.895033535721635	0.975768473347121
M3	ENSG00000107518	0	177	11759	0	2	123	0.709279940752751	1	0.0771872763820585	-1.32779612092623	1.48217067369035	0.91425197997058	0.976400747486809	0.0785221480183714	-1.32650619557931	1.48355049161606	0.912777709792178	0.975768473347121
M3	ENSG00000084444	0	105	11831	0	1	124	1	1	-0.0957634312326581	-2.07294491864488	1.88141805617957	0.924370814167981	0.976400747486809	-0.106642731748173	-2.08404285632675	1.87075739283041	0.915818486324419	0.975768473347121
M3	ENSG00000137947	3	416	11517	0	0	125	0.0533889253908754	1	-14.0238932889085	-634.919546487083	606.871759909266	0.964690115244922	0.976400747486809	-14.0240472238769	-634.710915850432	606.662821402679	0.964677858124641	0.975768473347121
M3	ENSG00000182552	0	155	11781	0	0	125	0.413943162785731	1	-13.0201388804356	-635.834098835518	609.793821074647	0.967316848620298	0.976400747486809	-13.0221750358057	-635.625199447946	609.580849376334	0.967300671866458	0.975768473347121
M3	ENSG00000164985	0	50	11886	0	0	125	1	1	-12.0112656438051	-677.118929636223	653.096398348613	0.971764577054793	0.976400747486809	-11.9975763068067	-676.904184174032	652.909031560419	0.971788219165241	0.975768473347121
M3	ENSG00000169777	0	20	11916	0	0	125	1	1	-11.0087446722572	-648.8531403525	626.835651007986	0.973014629427596	0.976400747486809	-11.0114656808809	-648.641728682076	626.618797320314	0.972998900892483	0.975768473347121
M3	ENSG00000158109	0	100	11836	0	0	125	0.629028436028629	1	-13.0154812101549	-788.412597168835	762.381634748525	0.973755043145401	0.976400747486809	-13.0077554191964	-788.160689023331	762.145178184938	0.973762356548329	0.975768473347121
M3	ENSG00000198752	0	195	11741	0	2	123	1	1	-0.0211944647147316	-1.4254593035766	1.38307037414714	0.976400747486809	0.976400747486809	-0.0217630716315951	-1.42606596652949	1.3825398232663	0.975768473347121	0.975768473347121
